{
    "ambientocclusion": false,
    "textures": {
        "particle": "blocks/comparator_on",
        "slab": "blocks/stone_slab_top",
        "top": "blocks/comparator_on",
        "unlit": "blocks/redstone_torch_off",
        "lit": "blocks/redstone_torch_on"
    },
    "elements": [
        {   "from": [ 0, 0, 0 ],
            "to": [ 16, 2, 16 ],
            "faces": {
                "down":  { "uv": [ 0,  0, 16, 16 ], "texture": "#slab", "cullface": "down" },
                "up":    { "uv": [ 0,  0, 16, 16 ], "texture": "#top" },
                "north": { "uv": [ 0, 14, 16, 16 ], "texture": "#slab", "cullface": "north" },
                "south": { "uv": [ 0, 14, 16, 16 ], "texture": "#slab", "cullface": "south" },
                "west":  { "uv": [ 0, 14, 16, 16 ], "texture": "#slab", "cullface": "west" },
                "east":  { "uv": [ 0, 14, 16, 16 ], "texture": "#slab", "cullface": "east" }
            }
        },
        {   "from": [ 2, 7, 12 ],
            "to": [ 4, 7, 14 ],
            "faces": {
                "up":   { "uv": [ 7, 7, 9, 9 ], "texture": "#lit" }
            }
        },
        {   "from": [ 2, 2, 11 ],
            "to": [ 4, 8, 15 ],
            "faces": {
                "west": { "uv": [ 6, 6, 10, 12 ], "texture": "#lit" },
                "east": { "uv": [ 6, 6, 10, 12 ], "texture": "#lit" }
            }
        },
        {   "from": [ 1, 2, 12 ],
            "to": [ 5, 8, 14 ],
            "faces": {
                "north": { "uv": [ 6, 6, 10, 12 ], "texture": "#lit" },
                "south": { "uv": [ 6, 6, 10, 12 ], "texture": "#lit" }
            }
        },
        {   "from": [ 12, 7, 12 ],
            "to": [ 14, 7, 14 ],
            "faces": {
                "up":   { "uv": [ 7, 7, 9, 9 ], "texture": "#lit" }
            }
        },
        {   "from": [ 12, 2, 11 ],
            "to": [ 14, 8, 15 ],
            "faces": {
                "west": { "uv": [ 6, 6, 10, 12 ], "texture": "#lit" },
                "east": { "uv": [ 6, 6, 10, 12 ], "texture": "#lit" }
            }
        },
        {   "from": [ 11, 2, 12 ],
            "to": [ 15, 8, 14 ],
            "faces": {
                "north": { "uv": [ 6, 6, 10, 12 ], "texture": "#lit" },
                "south": { "uv": [ 6, 6, 10, 12 ], "texture": "#lit" }
            }
        },
        {   "from": [ 7, 2, 2 ],
            "to": [ 9, 4, 4 ],
            "faces": {
                "down":  { "uv": [ 7, 13, 9, 15 ], "texture": "#unlit" },
                "up":    { "uv": [ 7,  7, 9,  9 ], "texture": "#unlit" },
                "north": { "uv": [ 7,  7, 9,  9 ], "texture": "#unlit" },
                "south": { "uv": [ 7,  7, 9,  9 ], "texture": "#unlit" },
                "west":  { "uv": [ 7,  7, 9,  9 ], "texture": "#unlit" },
                "east":  { "uv": [ 7,  7, 9,  9 ], "texture": "#unlit" }
            }
        }
    ]
}
