{
    "textures": {
        "particle": "blocks/endframe_side",
        "bottom": "blocks/end_stone",
        "top": "blocks/endframe_top",
        "side": "blocks/endframe_side",
        "eye": "blocks/endframe_eye"
    },
    "elements": [
        {   "from": [ 0, 0, 0 ],
            "to": [ 16, 13, 16 ],
            "faces": {
                "down":  { "uv": [ 0, 0, 16, 16 ], "texture": "#bottom" },
                "up":    { "uv": [ 0, 0, 16, 16 ], "texture": "#top" },
                "north": { "uv": [ 0, 3, 16, 16 ], "texture": "#side" },
                "south": { "uv": [ 0, 3, 16, 16 ], "texture": "#side" },
                "west":  { "uv": [ 0, 3, 16, 16 ], "texture": "#side" },
                "east":  { "uv": [ 0, 3, 16, 16 ], "texture": "#side" }
            }
        },
        {   "from": [ 5, 13, 5 ],
            "to": [ 11, 15, 11 ],
            "faces": {
                "down":  { "uv": [ 5, 5, 11, 11 ], "texture": "#eye" },
                "up":    { "uv": [ 5, 5, 11, 11 ], "texture": "#eye" },
                "north": { "uv": [ 5, 0, 11,  2 ], "texture": "#eye" },
                "south": { "uv": [ 5, 0, 11,  2 ], "texture": "#eye" },
                "west":  { "uv": [ 5, 0, 11,  2 ], "texture": "#eye" },
                "east":  { "uv": [ 5, 0, 11,  2 ], "texture": "#eye" }
            }
        }
    ]
}
