{
    "textures": {
        "particle": "#side"
    },
    "elements": [
        {   "from": [ 0, 0, 0 ],
            "to": [ 16, 5.5, 16 ],
            "faces": {
                "down":  { "uv": [ 0, 0, 16, 16 ], "texture": "#bottom", "cullface": "down" },
                "up":    { "uv": [ 0, 0, 16, 16 ], "texture": "#top" },
                "north": { "uv": [ 0, 10.5, 16, 16 ], "texture": "#side", "cullface": "north" },
                "south": { "uv": [ 0, 10.5, 16, 16 ], "texture": "#side", "cullface": "south" },
                "west":  { "uv": [ 0, 10.5, 16, 16 ], "texture": "#side", "cullface": "west" },
                "east":  { "uv": [ 0, 10.5, 16, 16 ], "texture": "#side", "cullface": "east" }
            }
        },
		
        {   "from": [ 5.5, 5.5, 0 ],
            "to": [ 16, 10.5, 16 ],
            "faces": {
                "down":  { "uv": [ 5.5, 0, 16, 16 ], "texture": "#bottom", "cullface": "down" },
                "up":    { "uv": [ 5.5, 0, 16, 16 ], "texture": "#top", "cullface": "up" },
                "north": { "uv": [ 0, 5.5,  10.5,  10.5 ], "texture": "#side", "cullface": "north" },
                "south": { "uv": [ 5.5, 5.5, 16,  10.5 ], "texture": "#side", "cullface": "south" },
                "west":  { "uv": [ 0, 5.5, 16,  10.5 ], "texture": "#side" },
                "east":  { "uv": [ 0, 5.5, 16,  10.5 ], "texture": "#side", "cullface": "east" }
            }
		},
		{   "from": [ 0, 5.5, 5.5 ],
            "to": [ 5.5, 10.5, 16 ],
            "faces": {
                "down":  { "uv": [ 0, 0, 5.5, 10.5 ], "texture": "#bottom", "cullface": "down" },
                "up":    { "uv": [ 0, 5.5, 5.5, 16 ], "texture": "#top", "cullface": "up" },
                "north": { "uv": [ 10.5, 5.5,  16,  10.5 ], "texture": "#side", "cullface": "north" },
                "south": { "uv": [ 0, 5.5, 5.5,  10.5 ], "texture": "#side", "cullface": "south" },
                "west":  { "uv": [ 5.5, 5.5, 16,  10.5 ], "texture": "#side" },
                "east":  { "uv": [ 0, 5.5, 10.5,  10.5 ], "texture": "#side", "cullface": "east" }
            }
		},
		
		{   "from": [ 10.5, 10.5, 0 ],
            "to": [ 16, 16, 16 ],
            "faces": {
                "down":  { "uv": [ 10.5, 0, 16, 16 ], "texture": "#bottom", "cullface": "down" },
                "up":    { "uv": [ 10.5, 0, 16, 16 ], "texture": "#top", "cullface": "up" },
                "north": { "uv": [ 0, 0,  5.5,  5.5 ], "texture": "#side", "cullface": "north" },
                "south": { "uv": [ 10.5, 0, 16,  5.5 ], "texture": "#side", "cullface": "south" },
                "west":  { "uv": [ 0, 0, 16,  5.5 ], "texture": "#side" },
                "east":  { "uv": [ 0, 0, 16,  5.5 ], "texture": "#side", "cullface": "east" }
            }
        },
		{   "from": [ 0, 10.5, 10.5 ],
            "to": [ 10.5, 16, 16 ],
            "faces": {
                "down":  { "uv": [ 0, 0, 10.5, 5.5 ], "texture": "#bottom", "cullface": "down" },
                "up":    { "uv": [ 0, 10.5, 10.5, 16 ], "texture": "#top", "cullface": "up" },
                "north": { "uv": [ 5.5, 0,  16,  5.5 ], "texture": "#side", "cullface": "north" },
                "south": { "uv": [ 0, 0, 10.5,  5.5 ], "texture": "#side", "cullface": "south" },
                "west":  { "uv": [ 10.5, 0, 16,  5.5 ], "texture": "#side" },
                "east":  { "uv": [ 0, 0, 5.5,  5.5 ], "texture": "#side", "cullface": "east" }
            }
        }
    ]
}
